{
	"pattrstorage" : 	{
		"name" : "FFFbDelayPreset",
		"slots" : 		{
			"1" : 			{
				"id" : 1,
				"name" : "Default",
				"data" : 				{
					"Delay" : [ 0.0, 0.0, 0.0, 0.0, 0.0, 0.0, 0.0, 0.0, 0.0, 0.0, 0.0, 0.0, 0.0, 0.0, 0.0, 0.0, 0.0, 0.0, 0.0, 0.0, 0.0, 0.0, 0.0, 0.0 ],
					"DelayMax" : [ 1000.0 ],
					"DelayRand" : [ 0.0 ],
					"DelayRandMetro" : [ 0.0 ],
					"DelayRandMetroMax" : [ 1000.0 ],
					"DelayRandMetroMin" : [ 1000.0 ],
					"DelayRandValueMax" : [ 100.0 ],
					"DelayRandValueMin" : [ 0.0 ],
					"Dry/wet" : [ 100.0 ],
					"Feedback" : [ 0.0, 0.0, 0.0, 0.0, 0.0, 0.0, 0.0, 0.0, 0.0, 0.0, 0.0, 0.0, 0.0, 0.0, 0.0, 0.0, 0.0, 0.0, 0.0, 0.0, 0.0, 0.0, 0.0, 0.0 ],
					"FilterFreq" : [ 1000.0 ],
					"FilterGain" : [ 0.0 ],
					"FilterMode" : [ 5.0 ],
					"FilterQ" : [ 0.3 ],
					"Freq1" : [ 20.601723 ],
					"Freq10" : [ 425.866791 ],
					"Freq11" : [ 596.246765 ],
					"Freq12" : [ 834.792053 ],
					"Freq13" : [ 1168.77356 ],
					"Freq14" : [ 1636.374268 ],
					"Freq15" : [ 2291.051758 ],
					"Freq16" : [ 3207.651611 ],
					"Freq17" : [ 4490.962891 ],
					"Freq18" : [ 6287.69873 ],
					"Freq19" : [ 8803.269531 ],
					"Freq2" : [ 28.844017 ],
					"Freq20" : [ 12325.264648 ],
					"Freq21" : [ 17256.333984 ],
					"Freq22" : [ 24160.205078 ],
					"Freq23" : [ 33826.1875 ],
					"Freq24" : [ 47359.285156 ],
					"Freq3" : [ 40.383877 ],
					"Freq4" : [ 56.540577 ],
					"Freq5" : [ 79.161224 ],
					"Freq6" : [ 110.831902 ],
					"Freq7" : [ 155.173279 ],
					"Freq8" : [ 217.254715 ],
					"Freq9" : [ 304.173584 ],
					"Gain" : [ 1.0, 1.0, 1.0, 1.0, 1.0, 1.0, 1.0, 1.0, 1.0, 1.0, 1.0, 1.0, 1.0, 1.0, 1.0, 1.0, 1.0, 1.0, 1.0, 1.0, 1.0, 1.0, 1.0, 1.0 ],
					"Ingain" : [ 0.0 ],
					"Outgain" : [ -127.0 ],
					"Q" : [ 1.0, 1.0, 1.0, 1.0, 1.0, 1.0, 1.0, 1.0, 1.0, 1.0, 1.0, 1.0, 1.0, 1.0, 1.0, 1.0, 1.0, 1.0, 1.0, 1.0, 1.0, 1.0, 1.0, 1.0 ],
					"QMax" : [ 100.0 ]
				}

			}

		}

	}

}
