{
	"pattrstorage" : 	{
		"name" : "FFFbDelayPreset",
		"slots" : 		{
			"1" : 			{
				"id" : 1,
				"name" : "Default",
				"data" : 				{
					"FreqPresetList" : [ "1 20.6017 28.8440 40.3839 56.5406 79.1612 110.8319 155.1733 217.2547 304.1736 425.8668 596.2468 834.7921 1168.7736 1636.3743 2291.0518 3207.6516 4490.9629 6287.6987 8803.2695 12325.2646 17256.3340 24160.2051 33826.1875 47359.2852", "2 20.6017 21.2262 21.9901 22.9302 24.0955 25.5521 27.3911 29.7404 32.7840 36.7932 42.1789 49.5841 60.0509 75.3369 98.5424 135.4266 197.3333 308.1704 522.4138 975.9567 2045.5237 4912.8335 13864.4199 47359.2852" ],
					"Delay" : [ 1.0, 0.347826, 0.913043, 0.0, 0.565217, 0.086957, 0.304348, 0.73913, 0.0, 0.304348, 0.652174, 0.173913, 0.434783, 0.782609, 0.347826, 0.434783, 0.043478, 0.826087, 0.782609, 0.478261, 0.826087, 0.391304, 0.6, 0.608696 ],
					"DelayMax" : [ 1000.0 ],
					"DelayRand" : [ 1.0 ],
					"DelayRandMetro" : [ 0.0 ],
					"DelayRandMetroMax" : [ 1000.0 ],
					"DelayRandMetroMin" : [ 1000.0 ],
					"DelayRandValueMax" : [ 100.0 ],
					"DelayRandValueMin" : [ 0.0 ],
					"Dry/wet" : [ 100.0 ],
					"Feedback" : [ 0.0, 0.0, 0.0, 0.0, 0.0, 0.0, 0.0, 0.0, 0.0, 0.0, 0.0, 0.0, 0.0, 0.0, 0.0, 0.0, 0.0, 0.0, 0.0, 0.0, 0.0, 0.0, 0.0, 0.0 ],
					"FilterFreq" : [ 1000.0 ],
					"FilterGain" : [ 0.0 ],
					"FilterMode" : [ 5.0 ],
					"FilterQ" : [ 0.3 ],
					"Freq" : [ 20.601723, 28.844017, 40.383877, 56.540577, 79.161224, 110.831902, 155.173279, 217.254715, 304.173584, 425.866791, 596.246765, 834.792053, 1168.77356, 1636.374268, 2291.051758, 3207.651611, 4490.962891, 6287.69873, 8803.269531, 12325.264648, 17256.333984, 24160.205078, 33826.1875, 47359.285156 ],
					"FreqPreset" : [ 0.0 ],
					"FreqPresetMetro" : [ 0.0 ],
					"FreqPresetMetroMax" : [ 1000.0 ],
					"FreqPresetMetroMin" : [ 1000.0 ],
					"Gain" : [ 1.0, 1.0, 1.0, 1.0, 1.0, 1.0, 1.0, 1.0, 1.0, 1.0, 1.0, 1.0, 1.0, 1.0, 1.0, 1.0, 1.0, 1.0, 1.0, 1.0, 1.0, 1.0, 1.0, 1.0 ],
					"Ingain" : [ 0.0 ],
					"Q" : [ 1.0, 1.0, 1.0, 1.0, 1.0, 1.0, 1.0, 1.0, 1.0, 1.0, 1.0, 1.0, 1.0, 1.0, 1.0, 1.0, 1.0, 1.0, 1.0, 1.0, 1.0, 1.0, 1.0, 1.0 ],
					"QMax" : [ 100.0 ],
					"QRand" : [ 0.0 ],
					"QRandMetro" : [ 0.0 ],
					"QRandMetroMax" : [ 1000.0 ],
					"QRandMetroMin" : [ 1000.0 ],
					"QRandValueMax" : [ 100.0 ],
					"QRandValueMin" : [ 0.0 ],
					"Outgain" : [ -127.0 ]
				}

			}

		}

	}

}
