{
	"pattrstorage" : 	{
		"name" : "samplorNode1a",
		"slots" : 		{
			"1" : 			{
				"id" : 1,
				"name" : "Default",
				"data" : 				{
					"Azimuth" : [ 0.0 ],
					"Distance" : [ 0.0 ],
					"FilterFreq" : [ 1000.0 ],
					"FilterGain" : [ 0.0 ],
					"FilterMode" : [ 5.0 ],
					"FilterQ" : [ 0.3 ],
					"Outgain" : [ -127.0 ],
					"Transp" : [ 0.0 ],
					"TranspRange" : [ 0.0 ],
					"Vel" : [ 0.0 ],
					"VelRange" : [ 0.0 ],
					"linkVel" : [ 0.0 ],
					"Coll" : [ "DRUM1.COLL" ],
					"Nodes" : [ 0.451227, 0.254804, 0.14, 1, 0.548773, 0.254804, 0.14, 1, 0.638893, 0.292133, 0.14, 1, 0.707867, 0.361107, 0.14, 1, 0.745196, 0.451227, 0.14, 1, 0.745196, 0.548773, 0.14, 1, 0.707867, 0.638893, 0.14, 1, 0.638893, 0.707867, 0.14, 1, 0.548773, 0.745196, 0.14, 1, 0.451227, 0.745196, 0.14, 1, 0.361107, 0.707867, 0.14, 1, 0.292133, 0.638893, 0.14, 1, 0.254804, 0.548773, 0.14, 1, 0.254804, 0.451227, 0.14, 1, 0.292133, 0.361107, 0.14, 1, 0.361107, 0.292133, 0.14, 1, 0.749699, 0.487733, 0.09, 0, 0.749699, 0.512267, 0.09, 0, 0.747294, 0.536683, 0.09, 0, 0.742508, 0.560745, 0.09, 0, 0.735386, 0.584222, 0.09, 0, 0.725997, 0.606889, 0.09, 0, 0.714432, 0.628526, 0.09, 0, 0.700802, 0.648925, 0.09, 0, 0.685238, 0.66789, 0.09, 0, 0.66789, 0.685238, 0.09, 0, 0.648925, 0.700802, 0.09, 0, 0.628526, 0.714432, 0.09, 0, 0.606889, 0.725997, 0.09, 0, 0.584222, 0.735386, 0.09, 0, 0.560745, 0.742508, 0.09, 0, 0.536683, 0.747294, 0.09, 0, 0.512267, 0.749699, 0.09, 0, 0.487733, 0.749699, 0.09, 0, 0.463317, 0.747294, 0.09, 0, 0.439255, 0.742508, 0.09, 0, 0.415778, 0.735386, 0.09, 0, 0.393111, 0.725997, 0.09, 0, 0.371474, 0.714432, 0.09, 0, 0.351075, 0.700802, 0.09, 0, 0.33211, 0.685238, 0.09, 0, 0.314762, 0.66789, 0.09, 0, 0.299198, 0.648925, 0.09, 0, 0.285568, 0.628526, 0.09, 0, 0.274003, 0.606889, 0.09, 0, 0.264614, 0.584222, 0.09, 0, 0.257492, 0.560745, 0.09, 0, 0.252706, 0.536683, 0.09, 0, 0.250301, 0.512267, 0.09, 0, 0.250301, 0.487733, 0.09, 0, 0.252706, 0.463317, 0.09, 0, 0.257492, 0.439255, 0.09, 0, 0.264614, 0.415778, 0.09, 0, 0.274003, 0.393111, 0.09, 0, 0.285568, 0.371474, 0.09, 0, 0.299198, 0.351075, 0.09, 0, 0.314762, 0.33211, 0.09, 0, 0.33211, 0.314762, 0.09, 0, 0.351075, 0.299198, 0.09, 0, 0.371474, 0.285568, 0.09, 0, 0.393111, 0.274003, 0.09, 0, 0.415778, 0.264614, 0.09, 0, 0.439255, 0.257492, 0.09, 0, 0.463317, 0.252706, 0.09, 0 ]
				}

			}

		}

	}

}
