{
	"pattrstorage" : 	{
		"name" : "sogsNode1a",
		"slots" : 		{
			"1" : 			{
				"id" : 1,
				"name" : "Default",
				"data" : 				{
					"Azimuth" : [ 0.0 ],
					"Distance" : [ 0.0 ],
					"FilterFreq" : [ 1000.0 ],
					"FilterGain" : [ 0.0 ],
					"FilterMode" : [ 5.0 ],
					"FilterQ" : [ 0.3 ],
					"GrainSize" : [ 120.0 ],
					"OnsetVar" : [ 5.0 ],
					"Outgain" : [ -127.0 ],
					"Overlap" : [ 6.0 ],
					"PitchVar" : [ 0.0 ],
					"Trans" : [ 0.0 ],
					"Coll" : [ "DRUM1.COLL" ],
					"Nodes" : [ 0.451227, 0.254804, 0.14, 1, 0.548773, 0.254804, 0.14, 1, 0.638893, 0.292133, 0.14, 1, 0.707867, 0.361107, 0.14, 1, 0.745196, 0.451227, 0.14, 1, 0.745196, 0.548773, 0.14, 1, 0.707867, 0.638893, 0.14, 1, 0.638893, 0.707867, 0.14, 1, 0.548773, 0.745196, 0.14, 1, 0.451227, 0.745196, 0.14, 1, 0.361107, 0.707867, 0.14, 1, 0.292133, 0.638893, 0.14, 1, 0.254804, 0.548773, 0.14, 1, 0.254804, 0.451227, 0.14, 1, 0.292133, 0.361107, 0.14, 1, 0.361107, 0.292133, 0.14, 1, 0.749699, 0.487733, 0.09, 0, 0.749699, 0.512267, 0.09, 0, 0.747294, 0.536683, 0.09, 0, 0.742508, 0.560745, 0.09, 0, 0.735386, 0.584222, 0.09, 0, 0.725997, 0.606889, 0.09, 0, 0.714432, 0.628526, 0.09, 0, 0.700802, 0.648925, 0.09, 0, 0.685238, 0.66789, 0.09, 0, 0.66789, 0.685238, 0.09, 0, 0.648925, 0.700802, 0.09, 0, 0.628526, 0.714432, 0.09, 0, 0.606889, 0.725997, 0.09, 0, 0.584222, 0.735386, 0.09, 0, 0.560745, 0.742508, 0.09, 0, 0.536683, 0.747294, 0.09, 0, 0.512267, 0.749699, 0.09, 0, 0.487733, 0.749699, 0.09, 0, 0.463317, 0.747294, 0.09, 0, 0.439255, 0.742508, 0.09, 0, 0.415778, 0.735386, 0.09, 0, 0.393111, 0.725997, 0.09, 0, 0.371474, 0.714432, 0.09, 0, 0.351075, 0.700802, 0.09, 0, 0.33211, 0.685238, 0.09, 0, 0.314762, 0.66789, 0.09, 0, 0.299198, 0.648925, 0.09, 0, 0.285568, 0.628526, 0.09, 0, 0.274003, 0.606889, 0.09, 0, 0.264614, 0.584222, 0.09, 0, 0.257492, 0.560745, 0.09, 0, 0.252706, 0.536683, 0.09, 0, 0.250301, 0.512267, 0.09, 0, 0.250301, 0.487733, 0.09, 0, 0.252706, 0.463317, 0.09, 0, 0.257492, 0.439255, 0.09, 0, 0.264614, 0.415778, 0.09, 0, 0.274003, 0.393111, 0.09, 0, 0.285568, 0.371474, 0.09, 0, 0.299198, 0.351075, 0.09, 0, 0.314762, 0.33211, 0.09, 0, 0.33211, 0.314762, 0.09, 0, 0.351075, 0.299198, 0.09, 0, 0.371474, 0.285568, 0.09, 0, 0.393111, 0.274003, 0.09, 0, 0.415778, 0.264614, 0.09, 0, 0.439255, 0.257492, 0.09, 0, 0.463317, 0.252706, 0.09, 0 ]
				}

			}
,
			"2" : 			{
				"id" : 2,
				"name" : "Test1",
				"data" : 				{
					"Azimuth" : [ 33.0 ],
					"Distance" : [ 0.467056 ],
					"FilterFreq" : [ 1000.0 ],
					"FilterGain" : [ 0.0 ],
					"FilterMode" : [ 5.0 ],
					"FilterQ" : [ 0.3 ],
					"GrainSize" : [ 120.0 ],
					"OnsetVar" : [ 5.0 ],
					"Outgain" : [ -127.0 ],
					"Overlap" : [ 6.0 ],
					"PitchVar" : [ 0.0 ],
					"Trans" : [ 1085.0 ],
					"Coll" : [ "DRUM1.COLL" ],
					"Nodes" : [ 0.253142, 0.269124, 0.20001, 1, 0.588601, 0.265465, 0.202861, 1, 0.646364, 0.328891, 0.207568, 1, 0.710972, 0.334717, 0.257337, 1, 0.741216, 0.330708, 0.25562, 1, 0.833393, 0.520484, 0.15264, 1, 0.549811, 0.655204, 0.013922, 1, 0.679871, 0.656191, 0.085483, 1, 0.480397, 0.742771, 0.179241, 1, 0.440109, 0.771093, 0.276991, 1, 0.490189, 0.840906, 0.199922, 1, 0.282475, 0.667898, 0.228886, 1, 0.215456, 0.586928, 0.244, 1, 0.392193, 0.417541, 0.086592, 1, 0.252921, 0.407688, 0.162649, 1, 0.325312, 0.374601, 0.209804, 1, 0.749699, 0.487733, 0.09, 0, 0.749699, 0.512267, 0.09, 0, 0.747294, 0.536683, 0.09, 0, 0.742508, 0.560745, 0.09, 0, 0.735386, 0.584222, 0.09, 0, 0.725997, 0.606889, 0.09, 0, 0.714432, 0.628526, 0.09, 0, 0.700802, 0.648925, 0.09, 0, 0.685238, 0.66789, 0.09, 0, 0.66789, 0.685238, 0.09, 0, 0.648925, 0.700802, 0.09, 0, 0.628526, 0.714432, 0.09, 0, 0.606889, 0.725997, 0.09, 0, 0.584222, 0.735386, 0.09, 0, 0.560745, 0.742508, 0.09, 0, 0.536683, 0.747294, 0.09, 0, 0.512267, 0.749699, 0.09, 0, 0.487733, 0.749699, 0.09, 0, 0.463317, 0.747294, 0.09, 0, 0.439255, 0.742508, 0.09, 0, 0.415778, 0.735386, 0.09, 0, 0.393111, 0.725997, 0.09, 0, 0.371474, 0.714432, 0.09, 0, 0.351075, 0.700802, 0.09, 0, 0.33211, 0.685238, 0.09, 0, 0.314762, 0.66789, 0.09, 0, 0.299198, 0.648925, 0.09, 0, 0.285568, 0.628526, 0.09, 0, 0.274003, 0.606889, 0.09, 0, 0.264614, 0.584222, 0.09, 0, 0.257492, 0.560745, 0.09, 0, 0.252706, 0.536683, 0.09, 0, 0.250301, 0.512267, 0.09, 0, 0.250301, 0.487733, 0.09, 0, 0.252706, 0.463317, 0.09, 0, 0.257492, 0.439255, 0.09, 0, 0.264614, 0.415778, 0.09, 0, 0.274003, 0.393111, 0.09, 0, 0.285568, 0.371474, 0.09, 0, 0.299198, 0.351075, 0.09, 0, 0.314762, 0.33211, 0.09, 0, 0.33211, 0.314762, 0.09, 0, 0.351075, 0.299198, 0.09, 0, 0.371474, 0.285568, 0.09, 0, 0.393111, 0.274003, 0.09, 0, 0.415778, 0.264614, 0.09, 0, 0.439255, 0.257492, 0.09, 0, 0.463317, 0.252706, 0.09, 0 ]
				}

			}
,
			"3" : 			{
				"id" : 3,
				"data" : 				{
					"Azimuth" : [ 169.0 ],
					"Distance" : [ 0.134116 ],
					"FilterFreq" : [ 1000.0 ],
					"FilterGain" : [ 0.0 ],
					"FilterMode" : [ 5.0 ],
					"FilterQ" : [ 0.3 ],
					"GrainSize" : [ 120.0 ],
					"OnsetVar" : [ 5.0 ],
					"Outgain" : [ -127.0 ],
					"Overlap" : [ 6.0 ],
					"PitchVar" : [ 0.0 ],
					"Trans" : [ 0.0 ],
					"Coll" : [ "DRUM1.COLL" ],
					"Nodes" : [ 0.451227, 0.254804, 0.14, 1, 0.548773, 0.254804, 0.14, 1, 0.638893, 0.292133, 0.14, 1, 0.707867, 0.361107, 0.14, 1, 0.745196, 0.451227, 0.14, 1, 0.745196, 0.548773, 0.14, 1, 0.707867, 0.638893, 0.14, 1, 0.638893, 0.707867, 0.14, 1, 0.548773, 0.745196, 0.14, 1, 0.451227, 0.745196, 0.14, 1, 0.361107, 0.707867, 0.14, 1, 0.292133, 0.638893, 0.14, 1, 0.254804, 0.548773, 0.14, 1, 0.254804, 0.451227, 0.14, 1, 0.292133, 0.361107, 0.14, 1, 0.361107, 0.292133, 0.14, 1, 0.749699, 0.487733, 0.09, 0, 0.749699, 0.512267, 0.09, 0, 0.747294, 0.536683, 0.09, 0, 0.742508, 0.560745, 0.09, 0, 0.735386, 0.584222, 0.09, 0, 0.725997, 0.606889, 0.09, 0, 0.714432, 0.628526, 0.09, 0, 0.700802, 0.648925, 0.09, 0, 0.685238, 0.66789, 0.09, 0, 0.66789, 0.685238, 0.09, 0, 0.648925, 0.700802, 0.09, 0, 0.628526, 0.714432, 0.09, 0, 0.606889, 0.725997, 0.09, 0, 0.584222, 0.735386, 0.09, 0, 0.560745, 0.742508, 0.09, 0, 0.536683, 0.747294, 0.09, 0, 0.512267, 0.749699, 0.09, 0, 0.487733, 0.749699, 0.09, 0, 0.463317, 0.747294, 0.09, 0, 0.439255, 0.742508, 0.09, 0, 0.415778, 0.735386, 0.09, 0, 0.393111, 0.725997, 0.09, 0, 0.371474, 0.714432, 0.09, 0, 0.351075, 0.700802, 0.09, 0, 0.33211, 0.685238, 0.09, 0, 0.314762, 0.66789, 0.09, 0, 0.299198, 0.648925, 0.09, 0, 0.285568, 0.628526, 0.09, 0, 0.274003, 0.606889, 0.09, 0, 0.264614, 0.584222, 0.09, 0, 0.257492, 0.560745, 0.09, 0, 0.252706, 0.536683, 0.09, 0, 0.250301, 0.512267, 0.09, 0, 0.250301, 0.487733, 0.09, 0, 0.252706, 0.463317, 0.09, 0, 0.257492, 0.439255, 0.09, 0, 0.264614, 0.415778, 0.09, 0, 0.274003, 0.393111, 0.09, 0, 0.285568, 0.371474, 0.09, 0, 0.299198, 0.351075, 0.09, 0, 0.314762, 0.33211, 0.09, 0, 0.33211, 0.314762, 0.09, 0, 0.351075, 0.299198, 0.09, 0, 0.371474, 0.285568, 0.09, 0, 0.393111, 0.274003, 0.09, 0, 0.415778, 0.264614, 0.09, 0, 0.439255, 0.257492, 0.09, 0, 0.463317, 0.252706, 0.09, 0 ]
				}

			}
,
			"5" : 			{
				"id" : 5,
				"data" : 				{
					"Azimuth" : [ 169.0 ],
					"Distance" : [ 0.134116 ],
					"FilterFreq" : [ 1000.0 ],
					"FilterGain" : [ 0.0 ],
					"FilterMode" : [ 5.0 ],
					"FilterQ" : [ 0.3 ],
					"GrainSize" : [ 120.0 ],
					"OnsetVar" : [ 5.0 ],
					"Outgain" : [ -127.0 ],
					"Overlap" : [ 6.0 ],
					"PitchVar" : [ 0.0 ],
					"Trans" : [ 0.0 ],
					"Coll" : [ "DRUM1.COLL" ],